{
  "model_name": "Stacking",
  "best_overall_score": 0.5614944624455067,
  "best_overall_params": {
    "dt_max_depth": 1,
    "dt_min_samples_leaf": 50,
    "dt_min_samples_split": 39,
    "meta_C": 8.753900921309157,
    "meta_max_iter": 1628,
    "mlp_activation": "tanh",
    "mlp_alpha": 0.06022084078489395,
    "mlp_hidden_layers": "(200,)",
    "mlp_learning_rate_init": 0.010090506377044785,
    "mlp_max_iter": 185,
    "xgb_colsample_bytree": 0.4920113653166526,
    "xgb_gamma": 0.25375356719974457,
    "xgb_learning_rate": 0.4515228689436931,
    "xgb_max_depth": 1,
    "xgb_min_child_weight": 15,
    "xgb_n_estimators": 90,
    "xgb_reg_alpha": 0.9198982270574463,
    "xgb_reg_lambda": 0.5959228738937421,
    "xgb_subsample": 0.5094116233084305
  },
  "search_config": {
    "n_searches": 20,
    "n_iter_per_search": 10,
    "scoring": "f1",
    "cv_folds": 5,
    "total_configurations": 200
  },
  "top_configs": [
    {
      "mean_test_score": 0.5614944624455067,
      "std_test_score": 0.035804350016031994,
      "dt_max_depth": 1,
      "dt_min_samples_split": 39,
      "dt_min_samples_leaf": 50,
      "mlp_hidden_layers": "(200,)",
      "mlp_alpha": 0.06022084078489395,
      "mlp_learning_rate_init": 0.010090506377044785,
      "mlp_max_iter": 185,
      "mlp_activation": "tanh",
      "xgb_n_estimators": 90,
      "xgb_max_depth": 1,
      "xgb_learning_rate": 0.4515228689436931,
      "xgb_subsample": 0.5094116233084305,
      "xgb_colsample_bytree": 0.4920113653166526,
      "xgb_min_child_weight": 15,
      "xgb_gamma": 0.25375356719974457,
      "xgb_reg_alpha": 0.9198982270574463,
      "xgb_reg_lambda": 0.5959228738937421,
      "meta_C": 8.753900921309157,
      "meta_max_iter": 1628
    },
    {
      "mean_test_score": 0.5595713855224298,
      "std_test_score": 0.032442137906764604,
      "dt_max_depth": 8,
      "dt_min_samples_split": 50,
      "dt_min_samples_leaf": 81,
      "mlp_hidden_layers": "(150, 50)",
      "mlp_alpha": 0.1254779444001335,
      "mlp_learning_rate_init": 0.052921252690659365,
      "mlp_max_iter": 195,
      "mlp_activation": "relu",
      "xgb_n_estimators": 97,
      "xgb_max_depth": 2,
      "xgb_learning_rate": 0.9701854752495048,
      "xgb_subsample": 0.4483980939351683,
      "xgb_colsample_bytree": 0.5852862060609507,
      "xgb_min_child_weight": 14,
      "xgb_gamma": 0.31218968903466043,
      "xgb_reg_alpha": 0.6169406353349365,
      "xgb_reg_lambda": 0.5744013626900042,
      "meta_C": 23.25701413136293,
      "meta_max_iter": 2695
    },
    {
      "mean_test_score": 0.5595713855224298,
      "std_test_score": 0.032442137906764604,
      "dt_max_depth": 9,
      "dt_min_samples_split": 60,
      "dt_min_samples_leaf": 67,
      "mlp_hidden_layers": "(100, 150)",
      "mlp_alpha": 0.1179088867807799,
      "mlp_learning_rate_init": 0.07010772930664079,
      "mlp_max_iter": 170,
      "mlp_activation": "relu",
      "xgb_n_estimators": 92,
      "xgb_max_depth": 1,
      "xgb_learning_rate": 0.3229999030243421,
      "xgb_subsample": 0.5405859309222913,
      "xgb_colsample_bytree": 0.33002339600640446,
      "xgb_min_child_weight": 19,
      "xgb_gamma": 0.21601602999989844,
      "xgb_reg_alpha": 0.6845367253579319,
      "xgb_reg_lambda": 0.803441366077077,
      "meta_C": 41.6009458713925,
      "meta_max_iter": 2281
    },
    {
      "mean_test_score": 0.5593047571736096,
      "std_test_score": 0.030410985834528097,
      "dt_max_depth": 8,
      "dt_min_samples_split": 12,
      "dt_min_samples_leaf": 70,
      "mlp_hidden_layers": "(50, 25)",
      "mlp_alpha": 0.10561298025052963,
      "mlp_learning_rate_init": 0.09374596594017202,
      "mlp_max_iter": 54,
      "mlp_activation": "relu",
      "xgb_n_estimators": 69,
      "xgb_max_depth": 2,
      "xgb_learning_rate": 0.7930542633086373,
      "xgb_subsample": 0.37331684570437884,
      "xgb_colsample_bytree": 0.39469222528620207,
      "xgb_min_child_weight": 14,
      "xgb_gamma": 0.13303190947859966,
      "xgb_reg_alpha": 0.5446634597232958,
      "xgb_reg_lambda": 0.5670063225508671,
      "meta_C": 42.15785615627167,
      "meta_max_iter": 1916
    },
    {
      "mean_test_score": 0.5583819344765935,
      "std_test_score": 0.04056784346272161,
      "dt_max_depth": 6,
      "dt_min_samples_split": 64,
      "dt_min_samples_leaf": 77,
      "mlp_hidden_layers": "(100, 100)",
      "mlp_alpha": 0.1788275410880622,
      "mlp_learning_rate_init": 0.04109243026050486,
      "mlp_max_iter": 131,
      "mlp_activation": "tanh",
      "xgb_n_estimators": 54,
      "xgb_max_depth": 2,
      "xgb_learning_rate": 0.18338791934410628,
      "xgb_subsample": 0.4094537981305685,
      "xgb_colsample_bytree": 0.4546171504303952,
      "xgb_min_child_weight": 11,
      "xgb_gamma": 0.27694690182213944,
      "xgb_reg_alpha": 0.7745955239504629,
      "xgb_reg_lambda": 0.9598668802703854,
      "meta_C": 31.636274107834083,
      "meta_max_iter": 2095
    },
    {
      "mean_test_score": 0.5577065836576278,
      "std_test_score": 0.029295750983481694,
      "dt_max_depth": 1,
      "dt_min_samples_split": 25,
      "dt_min_samples_leaf": 78,
      "mlp_hidden_layers": "(50, 200)",
      "mlp_alpha": 0.1377914821636433,
      "mlp_learning_rate_init": 0.0929689836144492,
      "mlp_max_iter": 95,
      "mlp_activation": "relu",
      "xgb_n_estimators": 43,
      "xgb_max_depth": 1,
      "xgb_learning_rate": 0.6044989526347551,
      "xgb_subsample": 0.41633979871595167,
      "xgb_colsample_bytree": 0.5439246468711522,
      "xgb_min_child_weight": 12,
      "xgb_gamma": 0.367622854113291,
      "xgb_reg_alpha": 0.9985864683859035,
      "xgb_reg_lambda": 0.9526589738260436,
      "meta_C": 38.066807562093096,
      "meta_max_iter": 2329
    },
    {
      "mean_test_score": 0.5577065836576278,
      "std_test_score": 0.029295750983481694,
      "dt_max_depth": 1,
      "dt_min_samples_split": 38,
      "dt_min_samples_leaf": 84,
      "mlp_hidden_layers": "(25,)",
      "mlp_alpha": 0.06271927662953726,
      "mlp_learning_rate_init": 0.02477640544391934,
      "mlp_max_iter": 137,
      "mlp_activation": "tanh",
      "xgb_n_estimators": 22,
      "xgb_max_depth": 1,
      "xgb_learning_rate": 1.0504073532403795,
      "xgb_subsample": 0.36527050821144474,
      "xgb_colsample_bytree": 0.3217118905246294,
      "xgb_min_child_weight": 18,
      "xgb_gamma": 0.11507023116631906,
      "xgb_reg_alpha": 0.6073653885454038,
      "xgb_reg_lambda": 0.8786523686841584,
      "meta_C": 19.879554091377003,
      "meta_max_iter": 2738
    },
    {
      "mean_test_score": 0.5577065836576278,
      "std_test_score": 0.029295750983481694,
      "dt_max_depth": 9,
      "dt_min_samples_split": 69,
      "dt_min_samples_leaf": 81,
      "mlp_hidden_layers": "(100, 100)",
      "mlp_alpha": 0.13617784926552626,
      "mlp_learning_rate_init": 0.05224543251171084,
      "mlp_max_iter": 84,
      "mlp_activation": "relu",
      "xgb_n_estimators": 98,
      "xgb_max_depth": 1,
      "xgb_learning_rate": 0.9527737601514046,
      "xgb_subsample": 0.47722349304596273,
      "xgb_colsample_bytree": 0.5769554550324835,
      "xgb_min_child_weight": 18,
      "xgb_gamma": 0.3702744130545561,
      "xgb_reg_alpha": 0.9405045009669653,
      "xgb_reg_lambda": 0.7402575973847344,
      "meta_C": 52.34873384804145,
      "meta_max_iter": 2588
    },
    {
      "mean_test_score": 0.5577065836576278,
      "std_test_score": 0.029295750983481694,
      "dt_max_depth": 3,
      "dt_min_samples_split": 51,
      "dt_min_samples_leaf": 70,
      "mlp_hidden_layers": "(150, 50)",
      "mlp_alpha": 0.14199982525925312,
      "mlp_learning_rate_init": 0.015105964159422105,
      "mlp_max_iter": 72,
      "mlp_activation": "relu",
      "xgb_n_estimators": 60,
      "xgb_max_depth": 2,
      "xgb_learning_rate": 0.7675141047471742,
      "xgb_subsample": 0.31618212150814506,
      "xgb_colsample_bytree": 0.41379251776522596,